연도,분기,상권코드,상권명,위도,경도,매출금액,매출건수
2026,1,TR001,강남역 상권,37.4979,127.0276,150000000,4500
2026,1,TR002,홍대입구 상권,37.5567,126.9236,120000000,3800
2026,1,TR003,성수동 상권,37.5445,127.0559,110000000,2900
2026,1,TR004,여의도 상권,37.5216,126.9242,135000000,3100
2026,1,TR005,명동 상권,37.5596,126.9856,98000000,2200
2026,1,TR006,이태원 상권,37.5345,126.9942,85000000,1900
2026,1,TR007,잠실역 상권,37.5133,127.1001,140000000,4100
2026,1,TR008,종로3가 상권,37.5714,126.9918,75000000,2500
2026,2,TR001,강남역 상권,37.4979,127.0276,165000000,4800
2026,2,TR002,홍대입구 상권,37.5567,126.9236,130000000,4000
2026,2,TR003,성수동 상권,37.5445,127.0559,125000000,3300
2026,2,TR004,여의도 상권,37.5216,126.9242,128000000,2950
2026,2,TR005,명동 상권,37.5596,126.9856,105000000,2400
2026,2,TR006,이태원 상권,37.5345,126.9942,92000000,2100
2026,2,TR007,잠실역 상권,37.5133,127.1001,148000000,4300
2026,2,TR008,종로3가 상권,37.5714,126.9918,80000000,2700